Home,Away,p(Home Win),p(Draw),p(Away Win)
Wolfsburg,Holstein Kiel,0.53839386,0.2454383,0.21616787
Dortmund,Werder Bremen,0.5820352,0.23260672,0.18535805
Mainz 05,Stuttgart,0.5455635,0.251392,0.20304446
Augsburg,Heidenheim,0.7804629,0.16296262,0.056574512
RB Leipzig,Leverkusen,0.49184993,0.060013592,0.44813642
Freiburg,Bayern Munich,0.66751146,0.10596505,0.22652347
Gladbach,Bochum,0.033411074,0.08854194,0.878047
Hoffenheim,Eint Frankfurt,0.8325173,0.041025776,0.12645689
St. Pauli,Union Berlin,0.69897616,0.17396337,0.12706044
