Home,Away,p(Home Win),p(Draw),p(Away Win)
Dortmund,Leverkusen,0.88058484,0.02633461,0.09308052
Mainz 05,Bochum,0.6186154,0.12594025,0.25544432
Freiburg,Holstein Kiel,0.10909016,0.20261824,0.68829155
Hoffenheim,Wolfsburg,0.48851633,0.20978813,0.3016955
St. Pauli,Eint Frankfurt,0.7231439,0.072211996,0.20464416
Heidenheim,Union Berlin,0.459396,0.36774936,0.17285457
Gladbach,Bayern Munich,0.03522942,0.021490915,0.9432797
RB Leipzig,Werder Bremen,0.6624751,0.06874606,0.26877886
Augsburg,Stuttgart,0.7713729,0.12294055,0.10568656
