Home,Away,p(Home Win),p(Draw),p(Away Win)
Dortmund,Leverkusen,0.5658509,0.09556082,0.3385883
Mainz 05,Bochum,0.6247643,0.22570895,0.14952677
Freiburg,Holstein Kiel,0.5175123,0.21266389,0.26982373
Hoffenheim,Wolfsburg,0.50630456,0.31371808,0.17997739
St. Pauli,Eint Frankfurt,0.8948009,0.022433853,0.08276526
Heidenheim,Union Berlin,0.1790135,0.53510207,0.28588444
Gladbach,Bayern Munich,0.03522942,0.021490915,0.9432797
RB Leipzig,Werder Bremen,0.6624751,0.06874606,0.26877886
Augsburg,Stuttgart,0.16939048,0.5288577,0.30175182
