Home,Away,p(Home Win),p(Draw),p(Away Win)
Werder Bremen,Mainz 05,0.3700457,0.29789177,0.33206254
Stuttgart,Gladbach,0.91697925,0.009590413,0.07343031
Heidenheim,Dortmund,0.19537628,0.22726494,0.5773588
Bayern Munich,Holstein Kiel,0.32941502,0.4989598,0.17162517
St. Pauli,Augsburg,0.69217175,0.20478061,0.103047654
Bochum,Freiburg,0.60265833,0.29355684,0.10378481
Union Berlin,RB Leipzig,0.29680443,0.2863289,0.41686663
Eint Frankfurt,Wolfsburg,0.014210138,0.1906118,0.7951781
Leverkusen,Hoffenheim,0.027861739,0.061219968,0.91091824
